"Index","¿En qué rango de edad te encuentras?","¿De qué género te identificas?","¿Cuál es tu nivel educativo?","¿En qué año te mudaste a La Habana?","¿Cuál fue el motivo principal de tu mudanza a la ciudad?","¿Has vivido en otras ciudades antes de llegar a La Habana?","¿Cómo describes tu calidad de vida en comparación con tu lugar de origen?","¿Has enfrentado desafíos en términos de servicios básicos en La Habana?","¿Has encontrado oportunidades de empleo o educación en La Habana que no estaban disponibles en tu lugar de origen?","¿Qué expectativas tenías al mudarte a La Habana?.¿Se han cumplido?","¿Cómo valorarías tu nivel de bienestar emocional desde que te mudaste?","¿Qué aspectos de la vida en La Habana consideras positivos y cuáles desafiantes?","Submitter","Submission Date","Submission ID"
1,"26-35","Femenino ","Universitaria ","2022","Trabajo","Sí |  Matanzas","Favorable ","Sí |  Transporte ","Sí","Trabajo y superación .Si se han cumplido ","4","Positivos  Lugares novedosos Desafiantes  Transporte ",,"3/31/2024, 11:49:00 PM","34a821a1619bc7"
2,"15-25","Masculino ","Universitario","","","No","Normal ","Sí","","","","Todo desafiante",,"4/2/2024, 9:15:41 AM","fd783d7fc3d59c"
3,"15-25","Femenino ","Universitaria ","10","Muchas ","No","Excelente ","Sí","Sí","","4","",,"4/2/2024, 9:19:43 AM","f70c5b9dc3d59c"
4,"26-35","Femenino ","Universitario ","2021","Mejorar la calidad de vida y el futuro ","Sí |  Matanzas ","Favorable ","Sí |  Adaptación a organizar un nuevo entorno ","Sí","Si",,"Desafiante el Cambio y positivo las oportunidades ",,"4/2/2024, 9:26:02 AM","6f57c8f08920e9"
5,"15-25","Masculino ","Universitario ",,"Naci aqui","No","Favorable ","Sí |  Instituciones de salud, electricidad, salubridad ","No","","","Positivo: Abundante mercadeo y trabajo, zonas bonitas y llamativas, oportunidad de recreación  Negativo: pésima higiene, mucho ruido, salud escasa ",,"4/2/2024, 9:26:15 AM","253bcebf8920e9"
6,"15-25","Masculino ","Medio superior","2024","Educación y superación ","No","Normal ","Sí |  Transporte y lejanía de la escuela ","Sí","Cursar en la Uni y hacer buenas amistades  Se han cumplido ","3","Positivos : su desarrollo cultural, económico, su belleza natural ,su nivel educativo    Desafiantes: el transporte  El costo de la vida El peligro q hay en las ciudades de noche ",,"4/2/2024, 9:32:25 AM","1f68646ffb9c3"
7,"26-35","Femenino ","Universitario","2024","Reunirnos con la familia ","Sí |  Matanzas y villa clara ","Favorable ","No |  Existe una satisfacción correcta para las necesidades básicas ","Sí","Disfrutamos de la vida en familia y gozamos de muchos beneficios ","5","Los aspectos positivos Excelentes oportunidades de trabajo, estudio y superación. Ofertas de trabajo  Abundantes ofertas de recreación Sitios de interés histórico y Culturales  Desafiante Es una ciudad es muy acogedora pero estoy acostumbrada a las ciudades pequeñas Muchas personas nuevas ",,"4/2/2024, 9:34:32 AM","41c2eaf4754849"
8,"15-25","Masculino ","Universitario ",,"","","","","","","","",,"4/2/2024, 9:36:12 AM","12c87713441e98"
9,"15-25","Femenino ","Licenciada",,"","No |  Nunca he vivido en otras ciudades, ya que siempre he vivido en Matanzas.","Normal ","No |  No vivo en La Habana","No","No pienso mudarme a la Habana.","","",,"4/2/2024, 9:56:54 AM","b5928b8461ef78"
10,"15-25","Femenino ","Enseñanza media",,"Estoy viviendo en La Habana porque estoy estudiando en la universidad","Sí |  Matanzas","Favorable ","No","Sí","Tener más condiciones de estudio","5","Positivo: hay mucha más variedad que en mi provincia de origen Negativo: transporte urbano",,"4/2/2024, 10:45:53 AM","4700904832527a"
11,"15-25","Masculino ","Pre","2022","Mejor vida","No","Favorable ","Sí","Sí","Dhhjsj","4","Hheju",,"4/2/2024, 11:28:26 AM","b85d142e00df67"
12,"26-35","Femenino ","Nivel Superior ","2013","Estudios","Sí |  Martí - Matanzas ","Favorable ","Sí |  Alimentos... Dificulta la calidad de vida ","Sí","Si, continuar con mi superación profesional y mejorar mi calidad de vida","5","Positivos: superación, más recursos Desafiantes: calidad humana",,"4/2/2024, 12:33:42 PM","b0848c56e6e6d3"
13,"15-25","Femenino ","Preuniversitario","2015","Economía y educación ","No","Normal ","Sí |  La corriente se va mucho aquí donde vivo, aunque no tanto como allá en Granma","Sí","Mejorar aunque sea unbpoco la situación económica. Se han cumplido sí pero eso no quiere decir que viva bien o cómo me gustaría ","3","",,"4/2/2024, 2:11:03 PM","70fd8acc77c7e6"
14,"15-25","Masculino ","Preuniversitario ","2017","Economica","No","Favorable ","No","Sí","","4","","Ernesto Canet Martínez","4/2/2024, 2:14:36 PM","ecee39bf77c7e6"
15,"Mayor de 50","Femenino ","Universidad ",,"","No","","","","","","",,"4/2/2024, 3:11:56 PM","26ff44da942827"
16,"Mayor de 50","Masculino ","Universitario ","2","Asuntos familiares ","Sí |  Matanzas","Favorable ","Sí |  Salud Transportación ","Sí","No se han cumplido","3","El confort de vivir en la ciudad La escacez de servicios basicos",,"4/2/2024, 4:00:09 PM","4b145db003f091"
17,"Mayor de 50","Femenino ","Universitario ","2020","Reunirme con mis hijos","No","Favorable ","No","Sí","Mejorar calidad de vida y servicios ","4","Acceso a servicios básicos positivo El transporte desafiante",,"4/2/2024, 4:01:17 PM","8cea955d03f091"
18,"15-25","Masculino ","Superior","2023","Estudios","Sí |  Soy nativo de Morón, Ciego de Ávila. Años más tarde me mudé a Matanzas.","Favorable ","Sí |  En lo relacionado principalmente al transporte. He tenido otros problemas con respecto al agua además.","Sí","Mis expectativas con respecto a las oportunidades de vida y estudio se han cumplido satisfactoriamente. Sin embargo en términos sociales es más complicado","2","En cuanto a lo positivo las muchas oportunidades y recursos a disposición de las personas, como decimos, hay de todo. En cuanto a lo negativo la dificultad para adquirir o acceder a muchos de estos, el problema de la lejanía y las dificultades del transporte",,"4/2/2024, 4:02:48 PM","11311a1f03f091"
19,"Mayor de 50","Femenino ","Univeritario","1988","Ubicación laboral de servicio social","No |  En un pueblo de la provincia de Matanzas","Favorable ","Sí |  Nunca he tenido casa propia","Sí","Sí, trabajar y superarme profesionalmente ","4","Positivo las opciones y desafiantes el ritmo de la vida",,"4/2/2024, 5:13:11 PM","f333db315d9423"
20,"15-25","Masculino ","Superior","2024","Estudios","Sí","Favorable ","Sí |  Transporte","Sí","","4","",,"4/2/2024, 5:29:24 PM","3d94a6195d9423"
21,"36-50","Femenino ","Universitario","2010","Profesional","Sí |  Matanzas","Favorable ","Sí","Sí","Desarrollarme profesionalmente. Se han cumplido","4","Positivos: servicios básicos Negativos: transporte",,"4/2/2024, 5:49:24 PM","ffec7f965d9423"
22,"15-25","Femenino ","1er año de universidad ","2024","Estudios","No |  Cárdenas ","Favorable ","Sí |  transporte ","Sí","tenía expectativas de mejorar mi calidad de vida y conocer nuevos lugares y personas, y sí, se ha cumplido ","3","positivos: es una ciudad bonita con grandes oportunidades de estudios y trabajo negativos: demasiada gente, ruido y pésimos servicios de transporte",,"4/2/2024, 8:57:42 PM","a272676ad2e8ba"
23,"26-35","Masculino ","Nivel medio ","2022","Para salir adelante en la vida.","No |  Solo en municipios ","Normal ","Sí |  No Dan a basto las guaguas ","Sí","Si","3","Mucha variedad de lugares lindos y históricos. Desafiantes q se vive muy agitado.",,"4/2/2024, 9:29:17 PM","e98b76f143915b"
24,"15-25","Femenino ","Licenciada ","2019","Estudiar en la UH","Sí |  Santa Cruz del Norte, Mayabeque ","Normal ","Sí |  Suministros de Agua","Sí","Una vida más confortable, con mi propio espacio, y cerca de un trabajo que me guste. Se ha cumplido hasta cierto punto dado el elevado precio de los alquileres, totalmente inalcanzables para mi salario, y la falta de suministro de agua en mi edificio dado a problemas de infraestructura ","3","Positivos las oportunidades de empleo, la variedad de lugares para visitar, la obtención de alimentos. Negativos el tema del transporte, el ""mal ambiente"" de algunos barrios, con falta de valores y de respeto hacia las mujeres en todas las cuadras, cosa que en provincia sobretodo en el campo se ve mucho menos.",,"4/2/2024, 10:32:16 PM","c85ef01343915b"
25,"15-25","Masculino ","Bachiller ","2023","Estudios ","No","Favorable ","No","No","Si, pero en mi provincia era tranquilo todo, aquí hay mucha delincuencia. ","4","Positivo es que no se va casi nunca la corriente, y negativo está el tema del transporte que todo queda lejos y las guaguas son pocas y están explotadas de gente .",,"4/3/2024, 9:09:33 AM","d8ea0136f2b9ef"
26,"26-35","Femenino ","Master","2018","Estudios","Sí |  Guantánamo","Normal ","No","Sí","Terminar mis estudios y encontrar un mejor trabajo. Sí, se han cumplido","4","La diversidad de opciones de entretenimiento, teatro, cines, festivales. Mayores opciones en cuanto alimentación.",,"4/3/2024, 3:18:46 PM","50dd7f3fd36370"
27,"15-25","Femenino ","universitario","2019","escuela","Sí |  ciego de avila ","Favorable ","No","Sí","actualmente tengo casa propia y estoy estable ","4","transporte bastante desafiante pero eso es en todo el pais",,"4/4/2024, 8:46:31 PM","b1e581e8f500fa"
28,"36-50","Masculino ","Universidad ","1990","Ubicación laboral","Sí |  Matanzas","Favorable ","No","Sí","Acceso a buena ubicación laboral ","4","Desafiante: servicio comunales Positivo: acceso a los servicios de salud y educación ",,"4/6/2024, 2:47:17 PM","55c15504075e5f"
29,"Mayor de 50","Femenino ","Técnico medio","2010","Reunirme con la familia","Sí |  Colón ","Favorable ","Sí |  Atención de servicios técnicos ","Sí","Si","5","Positivo atención médica  Negativo la transportación ",,"4/6/2024, 2:52:00 PM","dbdc232a075e5f"
30,"15-25","Masculino ","Preuniversitario ","2020","Estudios ","Sí","Favorable ","Sí |  Atención de farmacia ","Sí","Si","5","Muy positivo las actividades culturales",,"4/6/2024, 2:56:21 PM","8d281ba0075e5f"
31,"26-35","Femenino ","Medio superior ","2021","Motivos familiares ","No","Excelente ","No","No","Estar mejor","3","La dinàmica social ",,"4/6/2024, 2:57:07 PM","6b6c7d5f075e5f"
32,"36-50","Masculino ","Universitario","2010","Mejora económica","Sí |  Pinar del Río ","Favorable ","Sí |  Transporte ","Sí","Trabajo y oportunidades profesionales ","4","Positivos Lugares de interés Negativo Hacinamiento ",,"4/6/2024, 11:33:13 PM","bea5c427404bda"
33,"15-25","Masculino ","Nivel superior","2019","Por motivos estudiantiles, comencé la carrera de ingeniería eléctrica en la cujae ","Sí |  Pinar del río ","Favorable ","Sí |  El transporte, es muy difícil y cada vez se pone peor","Sí","Tenía muchas expectativas de las cuales casi todas se han cumplido por ejemplo quería graduarme y estoy terminando entre muchas otras pero sí a modo general sí se han cumplido","5","La diversidad de tiendas y lugares a los que acudir en caso de necesitar algo y pues bueno cada día más desafiante el tema de transporte los apagones y la falta de abastecimiento en la bodega",,"4/6/2024, 11:56:38 PM","36d19c0b404bda"
34,"15-25","Femenino ","Universitaria","2023","Oportunidad profesional ","Sí |  Guantanamo","Excelente ","No","Sí","Aspiraba encontrar ofertas de trabajo relacionadas a mi profesión con mayor oportunidad de desarrollo y superación profesional ","3","Positivo- el movimiento y la afluencia de personas  Negativo- la autopercepcion de los  capitalismo de superioridad",,"4/7/2024, 12:12:15 AM","29b52c5b404bda"
